id,task,found_date,search_surface,query_or_route,source_type,author_or_seller,title,url,published_date,access_or_sampling_notes
S001,M01,2026-09-26,"seller page, Etsy listing, or service page",broad web query then seller/title follow-up,seller offer,My Mystery Party,Tacky Sweater Shindig,https://mymysteryparty.com/products/homicide-at-the-tacky-sweater-shindig-murder-mystery,,"purposive pilot listing; seller claim, not playtested"
S002,M01,2026-09-26,"seller page, Etsy listing, or service page",broad web query then seller/title follow-up,seller offer,Freeform Games,A Fatal Theory,https://www.freeformgames.com/product/a-fatal-theory/?currency=USD,,"purposive pilot listing; seller claim, not playtested"
S003,M01,2026-09-26,"seller page, Etsy listing, or service page",broad web query then seller/title follow-up,seller offer,My Mystery Kit,Mystery at the Groove Gala,https://mymysterykit.com/products/mystery-at-the-groove-gala,,"purposive pilot listing; also sells on Etsy; seller claim, not playtested"
S004,M01,2026-09-26,"seller page, Etsy listing, or service page",broad web query then seller/title follow-up,seller offer,MysteryWild,Bayside Betrayal,https://mysterywild.com/products/bayside-betrayal-murder-mystery-game,,"purposive pilot listing; seller claim, not playtested"
S005,M01,2026-09-26,"seller page, Etsy listing, or service page",broad web query then seller/title follow-up,seller offer,Blame the Butler,Murder of the Monsignor,https://www.blamethebutler.com/product-page/murder-of-the-monsignor,,"purposive pilot listing; seller claim, not playtested"
S006,M01,2026-09-26,"seller page, Etsy listing, or service page",broad web query then seller/title follow-up,seller offer,Play Murder Mystery,We Wish You a Merry Murder,https://playmurdermystery.com/product/we-wish-you-a-merry-murder-the-12-deaths-of-xmas/,,"purposive pilot listing; seller claim, not playtested"
S007,M01,2026-09-26,"seller page, Etsy listing, or service page",broad web query then seller/title follow-up,seller offer,Shot in the Dark Mysteries,Garden Party Murder,https://www.shotinthedarkmysteries.com/downloads/garden-party-murder-10-female-suspect-instant-download-mystery-party-package/,,"purposive pilot listing; seller claim, not playtested"
S008,M01,2026-09-26,"seller page, Etsy listing, or service page",broad web query then seller/title follow-up,seller offer,Broadway Murder Mysteries,Masquerade & Murder,https://www.broadwaymurdermysteries.com/products/masquerade-murder,,"purposive pilot listing; seller claim, not playtested"
S009,M01,2026-09-26,"seller page, Etsy listing, or service page",broad web query then seller/title follow-up,seller offer,Masters of Mystery,Midnight on the Orient Express,https://mastersofmystery.com/collections/10-20-player-games/products/mystery-on-the-orient-express-an-agatha-christie-themed-murder-mystery?variant=46184923922682,,"purposive pilot listing; seller claim, not playtested"
S010,M01,2026-09-26,"seller page, Etsy listing, or service page",broad web query then seller/title follow-up,seller offer,Night of Mystery,Murder at the Deadwood Saloon,https://www.nightofmystery.com/product/murder-at-the-deadwood-saloon/,,"purposive pilot listing; seller claim, not playtested"
S011,M01,2026-09-26,"seller page, Etsy listing, or service page",broad web query then seller/title follow-up,seller offer,MurderMysteryParty.com,26-case catalog,https://murdermysteryparty.com/,,"catalog rather than selected title; pilot exception; seller claim, not playtested"
S012,M01,2026-09-26,"seller page, Etsy listing, or service page",broad web query then seller/title follow-up,seller offer,Dagger Games,Chronocide: Murder in the Fourth Dimension,https://dagger.games/stories,,"purposive pilot listing; seller claim, not playtested"
S013,M01,2026-09-26,"seller page, Etsy listing, or service page",broad web query then seller/title follow-up,seller offer,Murder At Mine,custom generated mystery,https://www.murderatmine.com/,,"custom product without fixed title; pilot exception; seller claim, not playtested"
S014,M01,2026-09-26,"seller page, Etsy listing, or service page",broad web query then seller/title follow-up,seller offer,Let's Party Games,Murder Mystery,https://letspartygames.com/spil/murder-mystery,,"adjacent smaller cast; seller claim, not playtested"
S015,M01,2026-09-26,"seller page, Etsy listing, or service page",broad web query then seller/title follow-up,seller offer,StoryPop,The Silver Swallow Club,https://www.storypop.games/game/silver-swallow,,"purposive pilot listing; not counted as purchasable; seller claim, not playtested"
S016,M01,2026-09-26,"seller page, Etsy listing, or service page",broad web query then seller/title follow-up,seller offer,MysteryPartyNow,The Mystery of Edwin Drood,https://www.mysterypartynow.com/marketplace,,"adjacent smaller cast; seller claim, not playtested"
S017,M01,2026-09-26,"seller page, Etsy listing, or service page",broad web query then seller/title follow-up,seller offer,Zenovly,Countdown at Veltrane Tower,https://www.etsy.com/listing/4571739449/printable-murder-mystery-party-game-for,,"purposive pilot listing; seller claim, not playtested"
S018,M01,2026-09-26,"seller page, Etsy listing, or service page",broad web query then seller/title follow-up,seller offer,RetroMurderGames,Y2K Millennium,https://www.etsy.com/listing/591197710/y2k-millennium-murder-mystery-dinner,,"purposive pilot listing; seller claim, not playtested"
S019,M01,2026-09-26,"seller page, Etsy listing, or service page",broad web query then seller/title follow-up,seller offer,MortalCase,Casino Killer,https://www.etsy.com/listing/1862725027/8-20-player-casino-party-murder-mystery,,"purposive pilot listing; seller claim, not playtested"
S020,M01,2026-09-26,"seller page, Etsy listing, or service page",broad web query then seller/title follow-up,seller offer,2MysteryLadies,Murder at Rosestone Manor B/W,https://www.etsy.com/listing/1554107392/murder-at-rosestone-manor-6-9-person-bw,,"adjacent smaller cast; seller claim, not playtested"
S021,M01,2026-09-26,"seller page, Etsy listing, or service page",broad web query then seller/title follow-up,seller offer,MurdersIncorporated,1920s Speakeasy,https://www.etsy.com/listing/656838959/1920s-speakeasy-murder-mystery-party,,"purposive pilot listing; seller claim, not playtested"
S022,M01,2026-09-26,"seller page, Etsy listing, or service page",broad web query then seller/title follow-up,seller offer,Talking Tables,Host Your Own Murder Mystery on the Dancefloor,https://rivercityevv.com/products/host-your-own-murder-mystery-on-the-dancefloor-game,,"adjacent boxed substitute; seller claim, not playtested"
S023,M01,2026-09-26,"seller page, Etsy listing, or service page",broad web query then seller/title follow-up,seller offer,Baker Street Mystery,Small Batch Experience,https://bakerstreetmystery.com/faq/,,"adjacent live service San Antonio area; seller claim, not playtested"
S024,M01,2026-09-26,"seller page, Etsy listing, or service page",broad web query then seller/title follow-up,seller offer,No Thyme to Cook,Private Murder Mystery,https://www.nothymetocook.com/murder-mystery,,"adjacent venue service; seller claim, not playtested"
S025,M01,2026-09-26,"seller page, Etsy listing, or service page",broad web query then seller/title follow-up,seller offer,The Wandering Gourmet,Murder Mystery Dinner,https://wanderinggourmet.com/dinner-parties/murder-mysteries/,,"adjacent catered service; seller claim, not playtested"
S026,M01,2026-09-26,"seller page, Etsy listing, or service page",broad web query then seller/title follow-up,seller offer,Taboo Studios,catalog of murder mystery kits,https://www.taboomysteries.com/,,"new vendor found in broad batch A; catalog-level lead; seller claim, not playtested"
S027,M01,2026-09-26,"seller page, Etsy listing, or service page",broad web query then seller/title follow-up,seller offer,Murder to Order,The Cursed Manor,https://murdertoorder.com/,,"new vendor found in broad batch A; homepage catalog; seller claim, not playtested"
S028,M01,2026-09-26,"seller page, Etsy listing, or service page",broad web query then seller/title follow-up,seller offer,Bespoke Mysteries,Silicon Succession,https://bespokemysteries.com/,,"new vendor found in broad batch A; single title; seller claim, not playtested"
S029,M01,2026-09-26,"seller page, Etsy listing, or service page",broad web query then seller/title follow-up,seller offer,TheDetectivesDen,Custom Murder Mystery Game,https://www.etsy.com/listing/4538453526/custom-murder-mystery-game-printable,,"new vendor found in broad batch B; seller claim, not playtested"
S030,M01,2026-09-26,"seller page, Etsy listing, or service page",broad web query then seller/title follow-up,seller offer,sistersgrimmgames,Monster Themed Adult Murder Mystery,https://www.etsy.com/listing/1088682564/monster-themed-adult-murder-mystery,,"new vendor found in broad batch B; seller claim, not playtested"
S031,M01,2026-09-26,"seller page, Etsy listing, or service page",broad web query then seller/title follow-up,seller offer,Host A Murder Mystery Party,Great Gatsby,https://hostamurdermysteryparty.com/,,"new vendor found in broad batch B; seller claim, not playtested"
S032,M01,2026-09-26,"seller page, Etsy listing, or service page",broad web query then seller/title follow-up,seller offer,DigitalBearded,The Midnight Auction at Hollowmere Hotel,https://www.etsy.com/listing/4520316768/personalized-hotel-murder-mystery-game,,"new vendor found in broad batch A; verified current listing price differs from search snapshot; seller claim, not playtested"
D001,M02,2026-09-26,web; vidIQ for D015–D016,See search-log-2026-09-26.md; purposive linked follow-ups,primary page or first-person account; access qualified in notes,Trustpilot / Masters of Mystery,Customer reviews,https://www.trustpilot.com/review/mastersofmystery.com,,Opened current main review window; purposive contrasting accounts; Unprompted is not verified purchase. Individual permalinks and one-star filter failed.
D002,M02,2026-09-26,web; vidIQ for D015–D016,See search-log-2026-09-26.md; purposive linked follow-ups,primary page or first-person account; access qualified in notes,Freeform Games,Christmas Lies reviews,https://www.freeformgames.com/product/christmas-lies/,,Opened seller-hosted reviews; two dated written accounts; larger-group adjacent product.
D003,M01 M02,2026-09-26,web; vidIQ for D015–D016,See search-log-2026-09-26.md; purposive linked follow-ups,primary page or first-person account; access qualified in notes,Freeform Games,Way out West free edition,https://www.freeformgames.com/product/way-out-west-free/,,"Opened offer and review window; free ten-player edition, separate host; verified owner does not imply paid purchase."
D004,M02,2026-09-26,web; vidIQ for D015–D016,See search-log-2026-09-26.md; purposive linked follow-ups,primary page or first-person account; access qualified in notes,Ryan / Hexagamers,MyMysteryParty review,https://hexagamers.com/murder-mystery-party-mymysteryparty-com-review-no-spoilers/,2017-11-30,Opened independent host account; exact edition unknown; historical evidence.
D005,M02,2026-09-26,web; vidIQ for D015–D016,See search-log-2026-09-26.md; purposive linked follow-ups,primary page or first-person account; access qualified in notes,Jenny / Midwife and Life,"Brie, Bullet and Black Cat review",https://midwifeandlife.com/brie-bullet-black-cat-murder-mystery-party-giveaway/,2017-04-25,Opened; gifted product in exchange for review explicitly disclosed.
D006,M02 M04,2026-09-26,web; vidIQ for D015–D016,See search-log-2026-09-26.md; purposive linked follow-ups,primary page or first-person account; access qualified in notes,Apple / Jeff Jablonski,Murder Mystery Party app,https://apps.apple.com/us/app/murder-mystery-party/id6751867663,,Opened listing and three written reviews; four ratings total; review year not exposed; developer distinct from similarly named sellers.
D007,M03,2026-09-26,web; vidIQ for D015–D016,See search-log-2026-09-26.md; purposive linked follow-ups,primary page or first-person account; access qualified in notes,Reddit / boardgames,Masters of Mystery discussion,https://www.reddit.com/r/boardgames/comments/qo932z/has_anyone_tried_a_master_of_mystery_murder/,,Opened historical thread; commenters self-selected; exact product versions unknown.
D008,M03,2026-09-26,web; vidIQ for D015–D016,See search-log-2026-09-26.md; purposive linked follow-ups,primary page or first-person account; access qualified in notes,Reddit / chaotictrex,Hosted 30 murder mystery parties,https://www.reddit.com/r/boardgames/comments/1uhldop/hosted_30_murder_mystery_parties_and_think_ive/,,Opened; claimed experience not independently verified; same author as D010 and crossposts.
D009,M03,2026-09-26,web; vidIQ for D015–D016,See search-log-2026-09-26.md; purposive linked follow-ups,primary page or first-person account; access qualified in notes,Reddit / boardgames,Good dinner party game,https://www.reddit.com/r/boardgames/comments/1d1d7wd/good_murder_mystery_dinner_party_game/,,Opened; enthusiastic MysteryWild recommendation contested as advertising; not an unbiased endorsement.
D010,M03,2026-09-26,web; vidIQ for D015–D016,See search-log-2026-09-26.md; purposive linked follow-ups,primary page or first-person account; access qualified in notes,Reddit / chaotictrex and commenters,Rankings after 30 parties,https://www.reddit.com/r/boardgames/comments/1ujruhg/after_30_murder_mystery_parties_heres_how_id_rank/,,Opened; deduplicate author with D008; differing language/edition recollections limit comparison.
D011,M04,2026-09-26,web; vidIQ for D015–D016,See search-log-2026-09-26.md; purposive linked follow-ups,primary page or first-person account; access qualified in notes,Freeform Games,How to play,https://www.freeformgames.com/faq/how-to-play-a-murder-mystery-game/?currency=USD,,"Opened primary explanation; seller rules, not an observed party."
D012,M04,2026-09-26,web; vidIQ for D015–D016,See search-log-2026-09-26.md; purposive linked follow-ups,primary page or first-person account; access qualified in notes,Freeform Games,Playing a murder mystery game rules,https://www.freeformgames.com/new/wp-content/uploads/2024/05/playing-a-murder-mystery-game.pdf,2019,"Read one-page PDF text; copyright year, not upload date; no visual layout judgment."
D013,M04,2026-09-26,web; vidIQ for D015–D016,See search-log-2026-09-26.md; purposive linked follow-ups,primary page or first-person account; access qualified in notes,Night of Mystery,Happily Never After preview,https://nightofmystery.com/wp-content/uploads/2022/07/Happily_Never_After_Preview.pdf,2012–2013,Read 15-page PDF text; preparation and pacing directions; preview offers testimonial/photo coupon incentive.
D014,M03 M04,2026-09-26,web; vidIQ for D015–D016,See search-log-2026-09-26.md; purposive linked follow-ups,primary page or first-person account; access qualified in notes,Lisa Aspeling / Murder Mystery Guide,How to host video transcript,https://murdermysteryguide.com/video-how-to-host-a-murder-mystery-party/,,"Read publisher-hosted transcript; promotional tutorial, not independently observed performance."
D015,M03,2026-09-26,web; vidIQ for D015–D016,See search-log-2026-09-26.md; purposive linked follow-ups,primary page or first-person account; access qualified in notes,Sarah / Are You Scared?,Movie Murder Mystery party account,https://www.youtube.com/watch?v=jCUiFn0VuJ8,,English transcript retrieved through vidIQ; no timestamps supplied; no visual/video-comment inspection. Creator referral at dennisspielman.com/2025/12/look-whos-playing-sarah-from-are-you-scared-hosts-the-movie-murder-mystery-party/.
D016,M03,2026-09-26,web; vidIQ for D015–D016,See search-log-2026-09-26.md; purposive linked follow-ups,primary page or first-person account; access qualified in notes,YouTube / vidIQ search,Eight returned video candidates,https://www.youtube.com/results?search_query=murder+mystery+party+review+hosting,,Metadata only for eight relevance results; IDs and access limits in community.md. Views are not buyers.
D017,M03,2026-09-26,web; vidIQ for D015–D016,See search-log-2026-09-26.md; purposive linked follow-ups,primary page or first-person account; access qualified in notes,Freeform Games,Murder mystery video blog,https://www.freeformgames.com/blog/murder-mystery-video-with-freeform-games/,2019-12-24,Opened blog text; embedded video not inspected; no gameplay observation counted.
D018,M04,2026-09-26,web; vidIQ for D015–D016,See search-log-2026-09-26.md; purposive linked follow-ups,primary page or first-person account; access qualified in notes,POIROT research authors,Embodied robot game-master experiment,https://arxiv.org/abs/2603.08136,,"Opened abstract; 67 participants; adjacent setting, not validation of this party product."
D019,M02,2026-09-26,web; vidIQ for D015–D016,See search-log-2026-09-26.md; purposive linked follow-ups,primary page or first-person account; access qualified in notes,Etsy / Rosestone Manor listing,Six-to-nine person black-and-white edition,https://www.etsy.com/listing/1554107392/murder-at-rosestone-manor-6-9-person-bw,,Opened; no item reviews displayed; shop ratings/sales not assigned to item.
D020,M01 M04,2026-09-26,web; vidIQ for D015–D016,See search-log-2026-09-26.md; purposive linked follow-ups,primary page or first-person account; access qualified in notes,University Games,The Champagne Murders,https://www.universitygames.com/games/mystery/champagne,,Opened primary box description; 8–10 adults; no direct price observed.
D021,M01,2026-09-26,web; vidIQ for D015–D016,See search-log-2026-09-26.md; purposive linked follow-ups,primary page or first-person account; access qualified in notes,Asmodee,Blood on the Clocktower,https://store.asmodee.com/products/blood-on-the-clocktower,,"Opened; $169.99 displayed, sold out; adjacent social-deduction substitute."
D022,M01,2026-09-26,web; vidIQ for D015–D016,See search-log-2026-09-26.md; purposive linked follow-ups,primary page or first-person account; access qualified in notes,Hunt A Killer,Death at the Dive Bar,https://www.huntakiller.com/products/death-at-the-dive-bar-murder-mystery-game,,"Opened; $29.99, 1–5 players, 45–60 minutes; cooperative physical-evidence puzzle, not suspect roleplay."
D023,M01 M05,2026-09-26,web; vidIQ for D015–D016,See search-log-2026-09-26.md; purposive linked follow-ups,primary page or first-person account; access qualified in notes,My Mystery Party,Tacky Sweater Shindig download,https://mymysteryparty.com/products/homicide-at-the-tacky-sweater-shindig-murder-mystery,,"Opened; $43.95, 8–12, 2–4 hours; listing says published 2013/revised 2021."
D024,M01 M05,2026-09-26,web; vidIQ for D015–D016,See search-log-2026-09-26.md; purposive linked follow-ups,primary page or first-person account; access qualified in notes,My Mystery Party,Tacky Sweater Shindig boxed,https://mymysteryparty.com/products/homicide-at-the-tacky-sweater-shindig-boxed-kit,,"Opened; $119.95 displayed; standard assembly and premium spoiler-free options; exact premium not selected, shipping/tax additional."
D025,M01,2026-09-26,web; vidIQ for D015–D016,See search-log-2026-09-26.md; purposive linked follow-ups,primary page or first-person account; access qualified in notes,MysteryWild,Bayside Betrayal,https://mysterywild.com/products/bayside-betrayal-murder-mystery-game,,"Opened; $65 variant 8–14, $75 14–20, $85 expansion 21–40; listing counts not coded buyer reviews."
D026,M05,2026-09-26,web; vidIQ for D015–D016,See search-log-2026-09-26.md; purposive linked follow-ups,primary page or first-person account; access qualified in notes,Etsy,Fees policy,https://www.etsy.com/legal/fees/,2026-02-13,"Opened official fees; 6.5% transaction, $0.20 listing, offsite conditional fees; not tax advice."
D027,M05,2026-09-26,web; vidIQ for D015–D016,See search-log-2026-09-26.md; purposive linked follow-ups,primary page or first-person account; access qualified in notes,Etsy Help,Payment processing fees,https://help.etsy.com/hc/en-us/articles/115015628847-What-are-Payment-Processing-Fees-for-Selling-on-Etsy,,Opened US rate 3% + $0.25; processing may include buyer tax.
D028,M05,2026-09-26,web; vidIQ for D015–D016,See search-log-2026-09-26.md; purposive linked follow-ups,primary page or first-person account; access qualified in notes,Gumroad Help,Gumroad fees,https://gumroad.com/help/article/66-gumroads-fees,,Official indexed search excerpt says card processing additional to direct platform fee; opened page returned zero lines twice; not fully verified.
D029,M05,2026-09-26,web; vidIQ for D015–D016,See search-log-2026-09-26.md; purposive linked follow-ups,primary page or first-person account; access qualified in notes,Gumroad,Pricing,https://gumroad.com/pricing,,Opened; direct 10% + $0.50 and discover 30%; reconcile extra card-processing detail before channel selection.
D030,M05,2026-09-26,web; vidIQ for D015–D016,See search-log-2026-09-26.md; purposive linked follow-ups,primary page or first-person account; access qualified in notes,Staples New York Broadway,Copy services,https://stores.staples.com/ny/new-york/767-broadway/copies-services,,Opened; advertised copies from $0.34; not a specified kit or local fulfillment quote.
D031,C01,2026-09-26,web; vidIQ for D015–D016,See search-log-2026-09-26.md; purposive linked follow-ups,primary page or first-person account; access qualified in notes,Murder Mystery Games,Auction,https://www.murdermysterygames.net/product/auction,,"Opened; $44.99, 16–40 players, three hours, 30–60 printed pages; host may play without knowing solution."
D032,C01,2026-09-26,web; vidIQ for D015–D016,See search-log-2026-09-26.md; purposive linked follow-ups,primary page or first-person account; access qualified in notes,AIQ Labs / itch.io,On Air 2500,https://aiqlabs.itch.io/on-air-2500,,"Opened; $18 regular/$12.60 sale; broadcast-statement voting, not conventional culprit vote; listing AI-assisted; four characters with group/team options."
D033,C01,2026-09-26,web; vidIQ for D015–D016,See search-log-2026-09-26.md; purposive linked follow-ups,primary page or first-person account; access qualified in notes,Guilty Games,Zombie Apocalypse,https://guiltygamesmurdermysteries.com/products/zombie-apocalypse-murder-mystery-party-game-digital-files-delivered-via-email,,"Opened; $15 displayed, 5–15, unavailable variants; bunker theme already exists."
D034,C02,2026-09-26,web; vidIQ for D015–D016,See search-log-2026-09-26.md; purposive linked follow-ups,primary page or first-person account; access qualified in notes,Reddit / MurderMystery,Using AI to build mysteries,https://www.reddit.com/r/MurderMystery/comments/1o5wthn/are_you_using_ai_to_build_murder_mysteries/,,Opened creator discussion; not a representative buyer attitude survey.
D035,C01,2026-09-26,web; vidIQ for D015–D016,See search-log-2026-09-26.md; purposive linked follow-ups,primary page or first-person account; access qualified in notes,Reddit / Single-Singer-8004,Space race party author account,https://www.reddit.com/r/partyplanning/comments/1tb41l4/anyone_else_obsessed_with_murder_mystery_parties/,,Opened author self-report of free 15-player game and two playtests; no independent validation.
D036,M01 M04,2026-09-26,web; vidIQ for D015–D016,See search-log-2026-09-26.md; purposive linked follow-ups,primary page or first-person account; access qualified in notes,Mischief Games,FAQ,https://mischiefgames.co/pages/mischief-games-faq,,"Opened; three rounds, guided mingle, mostly freeform with some scripts, fixed solution, host blind, dead player returns as detective. Close positioning competitor."
D037,M01,2026-09-26,web; vidIQ for D015–D016,See search-log-2026-09-26.md; purposive linked follow-ups,primary page or first-person account; access qualified in notes,Supper Sleuths,Homepage,https://mysterypartykits.com/,,"Two opens empty; lead only, not verified new product evidence."
D038,M04,2026-09-26,web; vidIQ for D015–D016,See search-log-2026-09-26.md; purposive linked follow-ups,primary page or first-person account; access qualified in notes,Murder at Mine,Homepage,https://www.murderatmine.com/,,"Opened app offer; staged evidence/private motives are seller claims, not tested usability."
D039,M01,2026-09-26,web; vidIQ for D015–D016,See search-log-2026-09-26.md; purposive linked follow-ups,primary page or first-person account; access qualified in notes,MysteryMaker,Seller-written market comparison,https://www.mysterymaker.party/blog/best-murder-mystery-party-games-review/,,"Opened own offer $24.99, customized AI package; exclude self-serving competitor rankings from quality evidence."
D040,M04,2026-09-26,web; vidIQ for D015–D016,See search-log-2026-09-26.md; purposive linked follow-ups,primary page or first-person account; access qualified in notes,Freeform Games,What is a freeform game,https://www.freeformgames.com/what-is-a-freeform-murder-mystery-game/,,Opened primary format explanation; goals and continuous interaction; neither style inherently superior.
