id,seller,segment,representative_title,price,currency,price_context,players,claimed_duration,delivery,host_role,mechanics,availability,source_url,checked_date,selection_note,unknowns
S001,My Mystery Party,independent download,Tacky Sweater Shindig,43.95,USD,instant PDF variant,8-12,2-4h,PDF,host instructions,4 rounds and guided clue mingling,listed,https://mymysteryparty.com/products/homicide-at-the-tacky-sweater-shindig-murder-mystery,2026-09-26,purposive pilot listing,actual sales
S002,Freeform Games,independent download,A Fatal Theory,39.99,USD,USD page variant,8-12 plus host,3-4h,PDF,organizes game and abilities,unscripted goals alliances and abilities,listed,https://www.freeformgames.com/product/a-fatal-theory/?currency=USD,2026-09-26,purposive pilot listing,host participation as full role
S003,My Mystery Kit,independent download,Mystery at the Groove Gala,37,USD,sale from 46 on direct site; selected 8-12 variant,8-18 available,2-3h,download with customization portal,host need not know culprit,personalized roles and fixed murderer,listed,https://mymysterykit.com/products/mystery-at-the-groove-gala,2026-09-26,purposive pilot listing; also sells on Etsy,post-sale price and title-level sales
S004,MysteryWild,independent download,Bayside Betrayal,65,USD,8-14 variant,8-14,about 2h,instant download,spoiler-free setup and play,unscripted mission cards,listed,https://mysterywild.com/products/bayside-betrayal-murder-mystery-game,2026-09-26,purposive pilot listing,title-level sales
S005,Blame the Butler,independent download,Murder of the Monsignor,40,USD,listed page price,8 female roles,90-120m,PDF,can deduce with guests,pre-party dossiers,listed,https://www.blamethebutler.com/product-page/murder-of-the-monsignor,2026-09-26,purposive pilot listing,cancellation handling
S006,Play Murder Mystery,independent download,We Wish You a Merry Murder,9.99,GBP,page headline; audio intro version shows 14.99,8-12,2.5-3h,download,prints and organizes,meal-timed clue slips,listed,https://playmurdermystery.com/product/we-wish-you-a-merry-murder-the-12-deaths-of-xmas/,2026-09-26,purposive pilot listing,exact base variant selector
S007,Shot in the Dark Mysteries,independent download,Garden Party Murder,52.99,USD,10 female suspect version,10 suspects plus optional investigators,2-3h suggested investigation,instant download,can play,dinner or cocktail mingle,listed,https://www.shotinthedarkmysteries.com/downloads/garden-party-murder-10-female-suspect-instant-download-mystery-party-package/,2026-09-26,purposive pilot listing,total event duration
S008,Broadway Murder Mysteries,independent download,Masquerade & Murder,39,USD,listed page price,4-20+ including 8-12,1-2h,download,can play,random culprit and question menus,listed,https://www.broadwaymurdermysteries.com/products/masquerade-murder,2026-09-26,purposive pilot listing,selection-specific role burden
S009,Masters of Mystery,independent hybrid,Midnight on the Orient Express,32.99,GBP,4-14 digital variant,4-14,1.5-3h,digital kit with optional app,can play,variable culprit and audiovisual clues,listed,https://mastersofmystery.com/collections/10-20-player-games/products/mystery-on-the-orient-express-an-agatha-christie-themed-murder-mystery?variant=46184923922682,2026-09-26,purposive pilot listing,USD checkout
S010,Night of Mystery,independent download,Murder at the Deadwood Saloon,,,8-12 variant price behind selector,8-12 variant,,instant download,organizes pre-party packets,victim becomes investigator during party,listed,https://www.nightofmystery.com/product/murder-at-the-deadwood-saloon/,2026-09-26,purposive pilot listing,8-12 price and duration
S011,MurderMysteryParty.com,app and video,26-case catalog,39,AUD,site says Australian dollars; checkout unverified,6-12 plus host,about 2-3h including dinner,TV plus private phone dossiers,host plays victim and reads no script,staged story and phone secrets,listed,https://murdermysteryparty.com/,2026-09-26,catalog rather than selected title; pilot exception,representative case and checkout currency
S012,Dagger Games,app and video,Chronocide: Murder in the Fourth Dimension,70,USD,up to 14 tier; 90 up to 18 and 130 larger,14-50 catalog,most 2-3h,app with phone clues,host can play blind,app advances acts and objectives,listed,https://dagger.games/stories,2026-09-26,purposive pilot listing,Chronocide-specific guest minimum and price region
S013,Murder At Mine,app and video,custom generated mystery,49.99,AUD,per group,4-10,90m,phone app,host can play with controls,private dossiers and staged clues,listed,https://www.murderatmine.com/,2026-09-26,custom product without fixed title; pilot exception,repeatability and human authoring
S014,Let's Party Games,app and video,Murder Mystery,26.99,EUR,listed page price,4-8,,browser private links,host may lead play or be victim,synchronized scenes clue rounds and vote,listed,https://letspartygames.com/spil/murder-mystery,2026-09-26,adjacent smaller cast,duration
S015,StoryPop,app and video,The Silver Swallow Club,49.99,USD,displayed price but marked Coming Soon,7-16,90m,app guided,unknown,objectives and clue reveals,coming soon,https://www.storypop.games/game/silver-swallow,2026-09-26,purposive pilot listing; not counted as purchasable,release and checkout
S016,MysteryPartyNow,app and video,The Mystery of Edwin Drood,12,USD,per 12-hour hosting session; free scenarios also offered,5-7,,QR/browser with AI clues,host can play,private clue feeds and late guest redistribution,listed,https://www.mysterypartynow.com/marketplace,2026-09-26,adjacent smaller cast,duration and generated-content quality
S017,Zenovly,Etsy creator,Countdown at Veltrane Tower,9.99,USD,standalone list; 7.49 bundle offer distinct,8-12,110m,printable ZIP PDFs,host command file,4 rounds and evidence packets,listed,https://www.etsy.com/listing/4571739449/printable-murder-mystery-party-game-for,2026-09-26,purposive pilot listing,host participation
S018,RetroMurderGames,Etsy creator,Y2K Millennium,12.59,USD,listed page price,8-12 in two variants,1-2h,download about 50-60 printed sheets,host sets up,script booklets,listed,https://www.etsy.com/listing/591197710/y2k-millennium-murder-mystery-dinner,2026-09-26,purposive pilot listing,host participation
S019,MortalCase,Etsy creator,Casino Killer,39.87,USD,list price; bundle offer and index price differ,8-20,about 3h,printable PDF,can play without knowing killer,evidence mingle with optional expansion,listed,https://www.etsy.com/listing/1862725027/8-20-player-casino-party-murder-mystery,2026-09-26,purposive pilot listing,checkout price
S020,2MysteryLadies,Etsy creator,Murder at Rosestone Manor B/W,25.99,USD,listed page price,6-9,1-2h,printable PDF,can play,missions and evidence packets,listed,https://www.etsy.com/listing/1554107392/murder-at-rosestone-manor-6-9-person-bw,2026-09-26,adjacent smaller cast,full role graph
S021,MurdersIncorporated,Etsy creator,1920s Speakeasy,36.99,USD,list price,10-20,1.5-2h,printable PDF,plays blind,scripted roleplay,listed,https://www.etsy.com/listing/656838959/1920s-speakeasy-murder-mystery-party,2026-09-26,purposive pilot listing,actual selling price
S022,Talking Tables,physical retail,Host Your Own Murder Mystery on the Dancefloor,50,USD,US retailer price; manufacturer wholesale page hides retail price,5-12 including host,,shipped retail box,participates but not a suspect,three possible endings with cards and police files,listed,https://rivercityevv.com/products/host-your-own-murder-mystery-on-the-dancefloor-game,2026-09-26,adjacent boxed substitute,manufacturer US list price and duration
S023,Baker Street Mystery,facilitated live,Small Batch Experience,375-600,USD,flat quote range for 6-19; venue/food separate,6-19,typically 1.5h below 20,professional onsite facilitator,professional runs game,unscripted objectives and clue packets,listed,https://bakerstreetmystery.com/faq/,2026-09-26,adjacent live service San Antonio area,exact 8-12 quote and travel cost
S024,No Thyme to Cook,facilitated live,Private Murder Mystery,1250,USD,up to 10 then 100 per additional guest,up to 10 base,2-3h,private venue experience in Maryland,professional host,roles clues and themed environment,listed,https://www.nothymetocook.com/murder-mystery,2026-09-26,adjacent venue service,whether food is included in quoted price
S025,The Wandering Gourmet,catered live,Murder Mystery Dinner,1400,USD,starting price for dinner party,12/14/18,,chef and service at home,culinary host; facilitation unclear,meal and comedic character play,listed,https://wanderinggourmet.com/dinner-parties/murder-mysteries/,2026-09-26,adjacent catered service,exact 12-guest price and facilitator role
S026,Taboo Studios,independent download,catalog of murder mystery kits,,,site-wide 25% promotion; representative title not selected,8-12,,PDF or QR host manual,unknown,three acts and two murders with improv objectives,listed,https://www.taboomysteries.com/,2026-09-26,new vendor found in broad batch A; catalog-level lead,title and price
S027,Murder to Order,independent hybrid,The Cursed Manor,39.90,USD,ready-to-print kit; custom scenario from 249,6-12,2-3h,PDF with optional mini-site,host can play,script and act-by-act clue handouts,listed,https://murdertoorder.com/,2026-09-26,new vendor found in broad batch A; homepage catalog,product-specific terms
S028,Bespoke Mysteries,independent hybrid,Silicon Succession,39,USD,print edition; digital packets 49 and timed live 79,6-12,,print or phone packets,host plays,timed revelations in premium tier,listed,https://bespokemysteries.com/,2026-09-26,new vendor found in broad batch A; single title,actual purchase flow
S029,TheDetectivesDen,Etsy custom creator,Custom Murder Mystery Game,119.50,USD,temporary sale from 239,up to 10,,made-to-order printable,unknown,personalized characters,listed,https://www.etsy.com/listing/4538453526/custom-murder-mystery-game-printable,2026-09-26,new vendor found in broad batch B,turnaround and duration
S030,sistersgrimmgames,Etsy creator,Monster Themed Adult Murder Mystery,,,price not extracted,8-10,,instant printable download,unknown,variable killer and Zoom variant,listed,https://www.etsy.com/listing/1088682564/monster-themed-adult-murder-mystery,2026-09-26,new vendor found in broad batch B,price and duration
S031,Host A Murder Mystery Party,independent box/download,Great Gatsby,29.99,USD,from price; exact variant not selected,8 core actors plus investigators,,shipped box or PDF,unknown,extra guests are investigator roles,listed,https://hostamurdermysteryparty.com/,2026-09-26,new vendor found in broad batch B,exact variant price and duration
S032,DigitalBearded,Etsy custom creator,The Midnight Auction at Hollowmere Hotel,49.99,USD,made-to-order digital listing,8-12,90-150m,printable digital or hybrid,may play,8 required roles 4 optional; fixed logic personalized packets,listed,https://www.etsy.com/listing/4520316768/personalized-hotel-murder-mystery-game,2026-09-26,new vendor found in broad batch A; verified current listing price differs from search snapshot,title-level sales
