source,unit_source,sponsorship_policy,affiliate_model,editorial_separation,evidence_url,confidence,note
RTINGS,buys units,does not accept paid or sponsored reviews,affiliate links + membership + ads,commerce team separated from lab,https://www.rtings.com/company/contact-us,high,affiliate availability exists but test results are stated to be independent
Vacuum Wars,buys units,no free products or paid reviews; no current collaborations/sponsorships,Amazon + Walmart + Home Depot + other affiliates,states all products are bought and sponsorships rejected,https://vacuumwars.com/about/,high,affiliate income is primary revenue source
The Hook Up,not established in this pass,states no sponsored reviews,Amazon affiliate links,creator states sponsorship policy and affiliate disclosure in episode,https://www.youtube.com/watch?v=Pv9_2D_Xc5k,high,actual product-specific commission path should be checked per description
TechRadar,not established in this pass,states it never takes payment for product reviews,retailer affiliate links,editorial team states independence from commercial relationships,https://www.techradar.com/news/how-we-test,high,commercial insights may inform market understanding but stated not to determine editorial choices
Tom's Guide,not established in this pass,sponsored/advertorial content allowed when clearly marked,retailer affiliate links,states editorial reviews are unbiased and sponsored content is labeled,https://www.tomsguide.com/reference/about-us,high,check individual article labels and links
Expert Reviews,not established in this pass,external commercial work exists but recommendations stated independent,Amazon + other partner affiliate links,states affiliates do not influence products reviewed or ratings,https://www.expertreviews.co.uk/affiliate-policy,high,individual editorial staff do not get personal sales cut per deals policy
WIRED,most review units are press samples in this category,commercial partnerships exist but reviews stated independent,retailer affiliate links,affiliate/business functions stated separate from editorial,https://www.wired.com/about/affiliate-link-policy/,high,reviewers stated not to receive bonuses or commissions based on product sales
Good Housekeeping,lab/editor units not established in this pass,sponsored content exists when marked,affiliate links,states product choices driven by editorial/testing standards not affiliate deals,https://www.goodhousekeeping.com/about/a28971721/about-us-contact-information-masthead/,high,sponsors may provide broad input but are stated to have no material influence on editorial product
Reddit owners,self-purchased/unknown,unknown,usually none but individual relationships unknown,no systematic editorial layer,owner threads,medium,useful for failure modes; commercial relationship must be assessed post-by-post
Amazon owners,self-purchased / Vine / other,platform review ecosystem,none to reviewer in ordinary reviews; Vine and brand incentives must be labeled,not applicable,pending,low,collection not complete; do not treat star average as equivalent to verified long-term ownership
