source,product,query,observed,status,evidence_url,verification,exact_model,time_scope,note,coverage_scope,article_cohort,page_type,claim_locator,testing_evidence,model_match,tested_product,methodology_version,claim_scope,noncoverage_scope,independent_test_id,access_blocked
"RTINGS","Roborock Saros 10R","site:rtings.com ""Roborock Saros 10R"" review","2026-09-26","substantive_review","https://www.rtings.com/robot-vacuum/reviews/roborock/saros-10r","direct_page","Roborock Saros 10R","May 2025 review; September 2026 writing update","Exact-model original review located; existence established, not a full claim audit.","publisher_archive","","review_or_comparison","Differences Between Sizes And Variants; black unit label","firsthand_review_text","exact","Roborock Saros 10R","v1.1","Coverage existence only; detailed claims need their own ledger","","","false"
"RTINGS","Roborock Qrevo Curv 2 Flow","site:rtings.com ""Roborock Qrevo Curv 2 Flow"" review","2026-09-26","substantive_review","https://www.rtings.com/robot-vacuum/reviews/roborock/qrevo-curv-2-flow","direct_page","Roborock Qrevo Curv 2 Flow","May13 2026 review; June9 writing update","Exact-model original review located; existence established, not a full claim audit.","publisher_archive","","review_or_comparison","Differences Between Sizes And Variants; white unit bought/tested; Changelog","firsthand_review_text","exact","Roborock Qrevo Curv 2 Flow","v1.0","Coverage existence only; detailed claims need their own ledger","","","false"
"RTINGS","Roborock Qrevo Curv","site:rtings.com ""Roborock Qrevo Curv"" review","2026-09-26","substantive_review","https://www.rtings.com/robot-vacuum/reviews/roborock/qrevo-curv","direct_page","Roborock Qrevo Curv","January 2025 review; July2026 bench update","Exact-model original review located; existence established, not a full claim audit.","publisher_archive","","review_or_comparison","Differences Between Sizes And Variants; manual water tank base tested","firsthand_review_text","exact","Roborock Qrevo Curv","v1.1","Coverage existence only; detailed claims need their own ledger","","","false"
"RTINGS","Roborock S8 MaxV Ultra","site:rtings.com ""Roborock S8 MaxV Ultra"" review","2026-09-26","substantive_review","https://www.rtings.com/robot-vacuum/reviews/roborock/s8-maxv-ultra","direct_page","Roborock S8 MaxV Ultra","2025 review indexed","Exact-model original review located; existence established, not a full claim audit.","publisher_archive","","review_or_comparison","Differences Between Sizes And Variants; black with conventional RockDock Ultra tested","firsthand_review_text","exact","Roborock S8 MaxV Ultra","not_recorded","Coverage existence only; detailed claims need their own ledger","","","false"
"RTINGS","MOVA V70 Ultra Complete","site:rtings.com ""MOVA V70 Ultra Complete"" review","2026-09-26","unknown_after_search","","bounded_search","","not established","No relevant exact-model coverage established in returned search results; not evidence of non-coverage.","publisher_archive","","unknown","","not_established","unknown","","not_recorded","Coverage existence only; detailed claims need their own ledger","","","false"
"RTINGS","Dreame X60 Max Ultra Complete","site:rtings.com ""Dreame X60 Max Ultra Complete"" review","2026-09-26","substantive_review","https://www.rtings.com/robot-vacuum/reviews/dreame/x60-max-ultra-complete","direct_page","Dreame X60 Max Ultra Complete","July24 2026 review; August12 writing update","Exact model review. Methodology v1.0 shown; cannot silently equate with v1.1 reviews.","publisher_archive","","review_or_comparison","Review heading; Methodology v1.0; Differences Between Sizes And Variants","firsthand_review_text","exact","Dreame X60 Max Ultra Complete","v1.0","Coverage existence only; detailed claims need their own ledger","","","false"
"RTINGS","Eufy Omni E25","site:rtings.com ""Eufy Omni E25"" review","2026-09-26","related_variant","https://www.rtings.com/robot-vacuum/reviews/eufy/omni-e28-robot-vacuum","direct_page","Eufy Omni E28 tested; E25 variant discussed","January2026 review; April23 E25 variant mention","Bought/tested black E28; publisher describes E25 as same robot without dock spot cleaner. Do not count as directly tested E25.","publisher_archive","","feature_or_related_review","Differences Between Sizes And Variants","related_model_test_only","related_variant","Eufy Omni E28","not_recorded","Coverage existence only; detailed claims need their own ledger","","","false"
"RTINGS","Shark PowerDetect UV Reveal","site:rtings.com ""Shark PowerDetect UV Reveal"" review","2026-09-26","unknown_after_search","","bounded_search","","not established","No relevant exact-model coverage established in returned search results; not evidence of non-coverage.","publisher_archive","","unknown","","not_established","unknown","","not_recorded","Coverage existence only; detailed claims need their own ledger","","","false"
"Vacuum Wars","Roborock Saros 10R","site:vacuumwars.com ""Roborock Saros 10R"" review","2026-09-26","substantive_review","https://vacuumwars.com/roborock-saros-10r-review/","direct_page","Roborock Saros 10R","August28 2026 update","Purchased standard dock; report describes weeks of evaluations. Historical #1 headline must not overwrite current ranking.","publisher_archive","","review_or_comparison","Introduction; standard station purchased; evaluation and performance","firsthand_review_text","exact","Roborock Saros 10R","not_recorded","Coverage existence only; detailed claims need their own ledger","","","false"
"Vacuum Wars","Roborock Qrevo Curv 2 Flow","site:vacuumwars.com ""Roborock Qrevo Curv 2 Flow"" review","2026-09-26","substantive_review","https://vacuumwars.com/roborock-qrevo-curv-2-flow-review/","direct_page","Roborock Qrevo Curv 2 Flow","February26 2026 update","Published vacuum and mop test results; adverse mopping finding conflicts with other reviews and needs matched-method audit.","publisher_archive","","review_or_comparison","Vacuum Performance; mopping evaluation; conclusion","firsthand_review_text","exact","Roborock Qrevo Curv 2 Flow","not_recorded","Coverage existence only; detailed claims need their own ledger","","","false"
"Vacuum Wars","Roborock Qrevo Curv","site:vacuumwars.com ""Roborock Qrevo Curv"" review","2026-09-26","substantive_test_table","https://vacuumwars.com/compare/robot-vacuums/roborock_qrevo_curv/","direct_page","Roborock Qrevo Curv","current table; test date unspecified","Model-specific test results table and embedded review; values may change.","publisher_archive","","test_table","Vacuum Wars Tests table; embedded review","published_test_table","exact","Roborock Qrevo Curv","not_recorded","Coverage existence only; detailed claims need their own ledger","","","false"
"Vacuum Wars","Roborock S8 MaxV Ultra","site:vacuumwars.com ""Roborock S8 MaxV Ultra"" review","2026-09-26","substantive_review","https://vacuumwars.com/new-s8-maxv-ultra-vs-s8-max-ultra-which-is-the-best-choice/","direct_page","Roborock S8 MaxV Ultra","2024 comparison indexed","Original exact-model test review/comparison located; not full claim audit.","publisher_archive","","review_or_comparison","Product heading and article body","firsthand_review_text","exact","Roborock S8 MaxV Ultra","not_recorded","Coverage existence only; detailed claims need their own ledger","","","false"
"Vacuum Wars","MOVA V70 Ultra Complete","site:vacuumwars.com ""MOVA V70 Ultra Complete"" review","2026-09-26","guide_coverage","https://vacuumwars.com/vacuum-wars-best-robot-vacuums/","direct_page","MOVA V70 Ultra Complete","September2026 current guide","Current guide names V70 highest score; linked Sept16 release story explicitly anticipates future testing. No full published model test established.","publisher_archive","","roundup","Best Overall/Top20 entry; full-article link leads to release story","guide_asserts_testing_no_product_test_detail","exact","","not_recorded","Current attributed guide rank only; no verified deep review or causal timeline","","","false"
"Vacuum Wars","Dreame X60 Max Ultra Complete","site:vacuumwars.com ""Dreame X60 Max Ultra Complete"" review","2026-09-26","substantive_review","https://vacuumwars.com/dreame-x60-max-ultra-complete-review/","direct_page","Dreame X60 Max Ultra Complete","August28 2026 update","Exact Max distinguished from non-Max X60 Ultra; purchased unit explicitly identified.","publisher_archive","","review_or_comparison","X60 variant paragraph; bought/tested Max Ultra Complete","firsthand_review_text","exact","Dreame X60 Max Ultra Complete","not_recorded","Coverage existence only; detailed claims need their own ledger","","","false"
"Vacuum Wars","Eufy Omni E25","site:vacuumwars.com ""Eufy Omni E25"" review","2026-09-26","substantive_review","https://vacuumwars.com/eufy-e25-omni-robot-vacuum-review/","direct_page","Eufy Omni E25","Direct page last updated September16 2026 (search snippet previously June10)","Purchased E25 test and separate customer feedback; do not count customer anecdotes as additional lab tests.","publisher_archive","","review_or_comparison","Introduction; purchased E25 over weeks; customer feedback separately identified","firsthand_review_text","exact","Eufy Omni E25","not_recorded","Coverage existence only; detailed claims need their own ledger","","","false"
"Vacuum Wars","Shark PowerDetect UV Reveal","site:vacuumwars.com ""Shark PowerDetect UV Reveal"" review","2026-09-26","substantive_review","https://vacuumwars.com/shark-powerdetect-uv-reveal-review/","direct_page","Shark PowerDetect UV Reveal","current page; date not extracted","Product test results published; wet-floor caveat explicitly described.","publisher_archive","","review_or_comparison","Vacuuming/mopping performance; water remaining; threshold test","firsthand_review_text","exact","Shark PowerDetect UV Reveal","not_recorded","Coverage existence only; detailed claims need their own ledger","","","false"
"The Hook Up","Roborock Saros 10R","site:thesmarthomehookup.com ""Roborock Saros 10R"" review","2026-09-26","substantive_review","https://www.thesmarthomehookup.com/test_install/ultimate-robot-vacuum-and-mop-comparison-2025/","direct_page","Roborock Saros 10R","2025 historical cohort","Saros10R directly tested in 2025 flagship comparison, not in 2026 seven-product cohort.","publisher_archive","2025 flagship comparison","comparison","Carpet Vacuuming Performance; product paragraph","firsthand_review_text","exact","Roborock Saros 10R","not_recorded","Coverage existence only; detailed claims need their own ledger","","hookup-2025-flagships","false"
"The Hook Up","Roborock Qrevo Curv 2 Flow","site:thesmarthomehookup.com ""Roborock Qrevo Curv 2 Flow"" review","2026-09-26","substantive_review","https://www.thesmarthomehookup.com/2026-ultimate-robot-vacuum-and-mop-comparison/","direct_page","Roborock Qrevo Curv 2 Flow","April8 2026 cohort","Direct seven-product comparison; cohort winner is not all-market winner.","publisher_archive","2026 seven-product comparison","comparison","Carpet Vacuuming Performance; product paragraph","firsthand_review_text","exact","Roborock Qrevo Curv 2 Flow","not_recorded","Coverage existence only; detailed claims need their own ledger","","hookup-2026-flagships","false"
"The Hook Up","Roborock Qrevo Curv","site:thesmarthomehookup.com ""Roborock Qrevo Curv"" review","2026-09-26","mention","https://www.thesmarthomehookup.com/test_install/robotic-vacuum-news-from-ces-2025/","indexed_article_text","Roborock Qrevo Curv","CES2025","Product mentioned as predecessor/lineup context; no direct test established.","publisher_archive","","feature_or_related_review","Product heading and article body","not_established","exact","","not_recorded","Coverage existence only; detailed claims need their own ledger","","","false"
"The Hook Up","Roborock S8 MaxV Ultra","site:thesmarthomehookup.com ""Roborock S8 MaxV Ultra"" review","2026-09-26","substantive_review","https://www.thesmarthomehookup.com/2024-ultimate-robot-vacuum-and-mop-comparison/","direct_page","Roborock S8 MaxV Ultra","2024 historical cohort","Historical direct test. Separate autofill-dock comparison also exists; distinguish dock configurations.","publisher_archive","2024 flagship comparison","comparison","Carpet Vacuuming Performance; product paragraph","firsthand_review_text","exact","Roborock S8 MaxV Ultra","not_recorded","Coverage existence only; detailed claims need their own ledger","","hookup-2024-flagships","false"
"The Hook Up","MOVA V70 Ultra Complete","site:thesmarthomehookup.com ""MOVA V70 Ultra Complete"" review","2026-09-26","unknown_after_search","","bounded_search","","not established","No relevant exact-model coverage established in returned search results; not evidence of non-coverage.","publisher_archive","","unknown","","not_established","unknown","","not_recorded","Coverage existence only; detailed claims need their own ledger","","","false"
"The Hook Up","Dreame X60 Max Ultra Complete","site:thesmarthomehookup.com ""Dreame X60 Max Ultra Complete"" review","2026-09-26","substantive_review","https://www.thesmarthomehookup.com/2026-ultimate-robot-vacuum-and-mop-comparison/","direct_page","Dreame X60 Max Ultra Complete","April8 2026 cohort","Direct seven-product comparison; cohort winner is not all-market winner.","publisher_archive","2026 seven-product comparison","comparison","Carpet Vacuuming Performance; product paragraph","firsthand_review_text","exact","Dreame X60 Max Ultra Complete","not_recorded","Coverage existence only; detailed claims need their own ledger","","hookup-2026-flagships","false"
"The Hook Up","Eufy Omni E25","site:thesmarthomehookup.com ""Eufy Omni E25"" review","2026-09-26","unknown_after_search","","bounded_search","","not established","No relevant exact-model coverage established in returned search results; not evidence of non-coverage.","publisher_archive","","unknown","","not_established","unknown","","not_recorded","Coverage existence only; detailed claims need their own ledger","","","false"
"The Hook Up","Shark PowerDetect UV Reveal","site:thesmarthomehookup.com ""Shark PowerDetect UV Reveal"" review","2026-09-26","unknown_after_search","","bounded_search","","not established","No relevant exact-model coverage established in returned search results; not evidence of non-coverage.","publisher_archive","","unknown","","not_established","unknown","","not_recorded","Coverage existence only; detailed claims need their own ledger","","","false"
"TechRadar","Roborock Saros 10R","site:techradar.com ""Roborock Saros 10R"" review","2026-09-26","substantive_review","https://www.techradar.com/home/robot-vacuums/roborock-saros-10r-robot-vacuum-review","direct_page","Roborock Saros 10R","2025 review","Resolved exact review via link225 in Saros10-versus10R comparison; initial guessed URL failed.","publisher_archive","","review_or_comparison","How I tested; original model review","firsthand_review_text","exact","Roborock Saros 10R","not_recorded","Coverage existence only; detailed claims need their own ledger","","","false"
"TechRadar","Roborock Qrevo Curv 2 Flow","site:techradar.com ""Roborock Qrevo Curv 2 Flow"" review","2026-09-26","unknown_after_search","","bounded_search","","not established","No relevant exact-model coverage established in returned search results; not evidence of non-coverage.","publisher_archive","","unknown","","not_established","unknown","","not_recorded","Coverage existence only; detailed claims need their own ledger","","","false"
"TechRadar","Roborock Qrevo Curv","site:techradar.com ""Roborock Qrevo Curv"" review","2026-09-26","substantive_review","https://www.techradar.com/home/robot-vacuums/roborock-qrevo-curv-review","direct_page","Roborock Qrevo Curv","historical review; current index","Original exact-model review located.","publisher_archive","","review_or_comparison","How I tested; original model review","firsthand_review_text","exact","Roborock Qrevo Curv","not_recorded","Coverage existence only; detailed claims need their own ledger","","","false"
"TechRadar","Roborock S8 MaxV Ultra","site:techradar.com ""Roborock S8 MaxV Ultra"" review","2026-09-26","substantive_review","https://www.techradar.com/home/robot-vacuums/roborock-s8-maxv-ultra-robot-vacuum-review","direct_page","Roborock S8 MaxV Ultra","historical review; current index","Original exact-model review located.","publisher_archive","","review_or_comparison","How I tested; original model review","firsthand_review_text","exact","Roborock S8 MaxV Ultra","not_recorded","Coverage existence only; detailed claims need their own ledger","","","false"
"TechRadar","MOVA V70 Ultra Complete","site:techradar.com ""MOVA V70 Ultra Complete"" review","2026-09-26","unknown_after_search","","bounded_search","","not established","No relevant exact-model coverage established in returned search results; not evidence of non-coverage.","publisher_archive","","unknown","","not_established","unknown","","not_recorded","Coverage existence only; detailed claims need their own ledger","","","false"
"TechRadar","Dreame X60 Max Ultra Complete","site:techradar.com ""Dreame X60 Max Ultra Complete"" review","2026-09-26","related_variant","https://www.techradar.com/home/robot-vacuums/dreame-x60-pro-ultra-review","direct_page","Dreame X60 Pro Ultra Complete reviewed; Max mentioned","September21 2026","Reviewed UK Pro; US Max described as different variant. Cannot transfer review verdict or numeric specs.","publisher_archive","","review","Price & availability: USA Max variant distinguished","related_model_test_only","related_variant","Dreame X60 Pro Ultra Complete","not_recorded","Coverage existence only; detailed claims need their own ledger","","","false"
"TechRadar","Eufy Omni E25","site:techradar.com ""Eufy Omni E25"" review","2026-09-26","unknown_after_search","","bounded_search","","not established","No relevant exact-model coverage established in returned search results; not evidence of non-coverage.","publisher_archive","","unknown","","not_established","unknown","","not_recorded","Coverage existence only; detailed claims need their own ledger","","","false"
"TechRadar","Shark PowerDetect UV Reveal","site:techradar.com ""Shark PowerDetect UV Reveal"" review","2026-09-26","substantive_review","https://www.techradar.com/home/robot-vacuums/sharks-powerdetect-uv-reveal-has-a-lot-of-potential-but-right-now-its-the-equivalent-of-a-power-washer-in-the-hands-of-a-caveman","direct_page","Shark PowerDetect UV Reveal","June23 2026","Direct test confirms hardware praise plus software/navigation critique; not simple positive endorsement.","publisher_archive","","review_or_comparison","How I tested: two weeks, pickup/edge/mopping/UV tasks","firsthand_review_text","exact","Shark PowerDetect UV Reveal","not_recorded","Coverage existence only; detailed claims need their own ledger","","","false"
"Tom's Guide","Roborock Saros 10R","site:tomsguide.com ""Roborock Saros 10R"" review","2026-09-26","substantive_review","https://www.tomsguide.com/home/home-appliances/roborock-saros-10r-review","direct_page","Roborock Saros 10R","April29 2025","Original exact-model hands-on review located; not a full claim audit.","publisher_archive","","review_or_comparison","Performance and test results; original exact-model review","firsthand_review_text","exact","Roborock Saros 10R","not_recorded","Coverage existence only; detailed claims need their own ledger","","","false"
"Tom's Guide","Roborock Qrevo Curv 2 Flow","site:tomsguide.com ""Roborock Qrevo Curv 2 Flow"" review","2026-09-26","substantive_review","https://www.tomsguide.com/home/smart-home/roborock-qrevo-curv-2-flow-review","direct_page","Roborock Qrevo Curv 2 Flow","February23 2026","Original exact-model hands-on review located; not a full claim audit.","publisher_archive","","review_or_comparison","Performance and test results; original exact-model review","firsthand_review_text","exact","Roborock Qrevo Curv 2 Flow","not_recorded","Coverage existence only; detailed claims need their own ledger","","","false"
"Tom's Guide","Roborock Qrevo Curv","site:tomsguide.com ""Roborock Qrevo Curv"" review","2026-09-26","substantive_review","https://www.tomsguide.com/home/roborock-qrevo-curv-review","direct_page","Roborock Qrevo Curv","February12 2025","Original exact-model hands-on review located; not a full claim audit.","publisher_archive","","review_or_comparison","Performance and test results; original exact-model review","firsthand_review_text","exact","Roborock Qrevo Curv","not_recorded","Coverage existence only; detailed claims need their own ledger","","","false"
"Tom's Guide","Roborock S8 MaxV Ultra","site:tomsguide.com ""Roborock S8 MaxV Ultra"" review","2026-09-26","unknown_after_search","","bounded_search","","not established","No relevant exact-model coverage established in returned search results; not evidence of non-coverage.","publisher_archive","","unknown","","not_established","unknown","","not_recorded","Coverage existence only; detailed claims need their own ledger","","","false"
"Tom's Guide","MOVA V70 Ultra Complete","site:tomsguide.com ""MOVA V70 Ultra Complete"" review","2026-09-26","unknown_after_search","","bounded_search","","not established","No relevant exact-model coverage established in returned search results; not evidence of non-coverage.","publisher_archive","","unknown","","not_established","unknown","","not_recorded","Coverage existence only; detailed claims need their own ledger","","","false"
"Tom's Guide","Dreame X60 Max Ultra Complete","site:tomsguide.com ""Dreame X60 Max Ultra Complete"" review","2026-09-26","substantive_review","https://www.tomsguide.com/home/dreame-x60-max-ultra-complete-review","direct_page","Dreame X60 Max Ultra Complete","August14 2026","Original exact-model hands-on review located; not a full claim audit.","publisher_archive","","review_or_comparison","Performance and test results; original exact-model review","firsthand_review_text","exact","Dreame X60 Max Ultra Complete","not_recorded","Coverage existence only; detailed claims need their own ledger","","","false"
"Tom's Guide","Eufy Omni E25","site:tomsguide.com ""Eufy Omni E25"" review","2026-09-26","unknown_after_search","","bounded_search","","not established","No relevant exact-model coverage established in returned search results; not evidence of non-coverage.","publisher_archive","","unknown","","not_established","unknown","","not_recorded","Coverage existence only; detailed claims need their own ledger","","","false"
"Tom's Guide","Shark PowerDetect UV Reveal","site:tomsguide.com ""Shark PowerDetect UV Reveal"" review","2026-09-26","substantive_review","https://www.tomsguide.com/home/smart-home/shark-powerdetect-uv-reveal-robot-vacuum-review","direct_page","Shark PowerDetect UV Reveal","March2026","Firsthand tests; Cheerios load reduced after bin overflow. Surface/mass protocols needed for comparison.","publisher_archive","","review_or_comparison","Performance and Test Results: changed Cheerios loading; floor-specific table","firsthand_review_text","exact","Shark PowerDetect UV Reveal","not_recorded","Coverage existence only; detailed claims need their own ledger","","","false"
"Expert Reviews","Roborock Saros 10R","site:expertreviews.co.uk ""Roborock Saros 10R"" review","2026-09-26","unknown_after_search","","bounded_search","","not established","No relevant exact-model coverage established in returned search results; not evidence of non-coverage.","publisher_archive","","unknown","","not_established","unknown","","not_recorded","Coverage existence only; detailed claims need their own ledger","","","false"
"Expert Reviews","Roborock Qrevo Curv 2 Flow","site:expertreviews.co.uk ""Roborock Qrevo Curv 2 Flow"" review","2026-09-26","unknown_after_search","","bounded_search","","not established","No relevant exact-model coverage established in returned search results; not evidence of non-coverage.","publisher_archive","","unknown","","not_established","unknown","","not_recorded","Coverage existence only; detailed claims need their own ledger","","","false"
"Expert Reviews","Roborock Qrevo Curv","site:expertreviews.co.uk ""Roborock Qrevo Curv"" review","2026-09-26","unknown_after_search","","bounded_search","","not established","No relevant exact-model coverage established in returned search results; not evidence of non-coverage.","publisher_archive","","unknown","","not_established","unknown","","not_recorded","Coverage existence only; detailed claims need their own ledger","","","false"
"Expert Reviews","Roborock S8 MaxV Ultra","site:expertreviews.co.uk ""Roborock S8 MaxV Ultra"" review","2026-09-26","unknown_after_search","","bounded_search","","not established","No relevant exact-model coverage established in returned search results; not evidence of non-coverage.","publisher_archive","","unknown","","not_established","unknown","","not_recorded","Coverage existence only; detailed claims need their own ledger","","","false"
"Expert Reviews","MOVA V70 Ultra Complete","site:expertreviews.co.uk ""MOVA V70 Ultra Complete"" review","2026-09-26","unknown_after_search","","bounded_search","","not established","No relevant exact-model coverage established in returned search results; not evidence of non-coverage.","publisher_archive","","unknown","","not_established","unknown","","not_recorded","Coverage existence only; detailed claims need their own ledger","","","false"
"Expert Reviews","Dreame X60 Max Ultra Complete","site:expertreviews.co.uk ""Dreame X60 Max Ultra Complete"" review","2026-09-26","unknown_after_search","","bounded_search","","not established","No relevant exact-model coverage established in returned search results; not evidence of non-coverage.","publisher_archive","","unknown","","not_established","unknown","","not_recorded","Coverage existence only; detailed claims need their own ledger","","","false"
"Expert Reviews","Eufy Omni E25","site:expertreviews.co.uk ""Eufy Omni E25"" review","2026-09-26","substantive_review","https://www.expertreviews.co.uk/home-garden/vacuums-cleaning/eufy-omni-e25-review","direct_page","Eufy Omni E25","2025 review; September22 2026 guide","Full E25 hands-on article accessible via buying-guide link.","publisher_archive","","review_or_comparison","Performance and Verdict; home use and separate apartment demonstration","firsthand_review_text","exact","Eufy Omni E25","not_recorded","Coverage existence only; detailed claims need their own ledger","","","false"
"Expert Reviews","Shark PowerDetect UV Reveal","site:expertreviews.co.uk ""Shark PowerDetect UV Reveal"" review","2026-09-26","substantive_review","https://www.expertreviews.co.uk/home-garden/vacuums-cleaning/shark-powerdetect-uv-reveal-review","direct_page","Shark PowerDetect UV Reveal","August2026","Firsthand cleaning tests and domestic navigation observations; limited duration not reliability evidence.","publisher_archive","","review_or_comparison","Performance; under-bed account","firsthand_review_text","exact","Shark PowerDetect UV Reveal","not_recorded","Coverage existence only; detailed claims need their own ledger","","","false"
"WIRED","Roborock Saros 10R","site:wired.com ""Roborock Saros 10R"" review","2026-09-26","test_reference","https://www.wired.com/review/roborock-saros-z70/","indexed_review_text","Roborock Saros 10R","2025 retrospective statement","Author states previously tested Saros10R; not standalone Saros10R test documentation.","publisher_archive","","feature_or_related_review","Product heading and article body","retrospective_testing_assertion","exact","","not_recorded","Coverage existence only; detailed claims need their own ledger","","","false"
"WIRED","Roborock Qrevo Curv 2 Flow","site:wired.com ""Roborock Qrevo Curv 2 Flow"" review","2026-09-26","substantive_review","https://www.wired.com/review/roborock-qrevo-curv-2-flow/","direct_page","Roborock Qrevo Curv 2 Flow","January23 2026","Exact-model original review located.","publisher_archive","","review_or_comparison","Home testing with children and puppy; cleaning/obstacle paragraphs","firsthand_review_text","exact","Roborock Qrevo Curv 2 Flow","not_recorded","Coverage existence only; detailed claims need their own ledger","","","false"
"WIRED","Roborock Qrevo Curv","site:wired.com ""Roborock Qrevo Curv"" review","2026-09-26","unknown_after_search","","bounded_search","","not established","No relevant exact-model coverage established in returned search results; not evidence of non-coverage.","publisher_archive","","unknown","","not_established","unknown","","not_recorded","Coverage existence only; detailed claims need their own ledger","","","false"
"WIRED","Roborock S8 MaxV Ultra","site:wired.com ""Roborock S8 MaxV Ultra"" review","2026-09-26","unknown_after_search","","bounded_search","","not established","No relevant exact-model coverage established in returned search results; not evidence of non-coverage.","publisher_archive","","unknown","","not_established","unknown","","not_recorded","Coverage existence only; detailed claims need their own ledger","","","false"
"WIRED","MOVA V70 Ultra Complete","site:wired.com ""MOVA V70 Ultra Complete"" review","2026-09-26","unknown_after_search","","bounded_search","","not established","No relevant exact-model coverage established in returned search results; not evidence of non-coverage.","publisher_archive","","unknown","","not_established","unknown","","not_recorded","Coverage existence only; detailed claims need their own ledger","","","false"
"WIRED","Dreame X60 Max Ultra Complete","site:wired.com ""Dreame X60 Max Ultra Complete"" review","2026-09-26","unknown_after_search","","bounded_search","","not established","No relevant exact-model coverage established in returned search results; not evidence of non-coverage.","publisher_archive","","unknown","","not_established","unknown","","not_recorded","Coverage existence only; detailed claims need their own ledger","","","false"
"WIRED","Eufy Omni E25","site:wired.com ""Eufy Omni E25"" review","2026-09-26","unknown_after_search","","bounded_search","","not established","No relevant exact-model coverage established in returned search results; not evidence of non-coverage.","publisher_archive","","unknown","","not_established","unknown","","not_recorded","Coverage existence only; detailed claims need their own ledger","","","false"
"WIRED","Shark PowerDetect UV Reveal","site:wired.com ""Shark PowerDetect UV Reveal"" review","2026-09-26","substantive_review","https://www.wired.com/review/shark-powerdetect-uv-reveal/","direct_page","Shark PowerDetect UV Reveal","March3 2026","Exact-model original review located.","publisher_archive","","review_or_comparison","Home cleaning and UV-detection observations","firsthand_review_text","exact","Shark PowerDetect UV Reveal","not_recorded","Coverage existence only; detailed claims need their own ledger","","","false"
"Good Housekeeping","Roborock Saros 10R","site:goodhousekeeping.com ""Roborock Saros 10R"" review","2026-09-26","mention","https://www.goodhousekeeping.com/appliances/vacuum-cleaner-reviews/a63759357/these-robot-vacuums-are-designed-to-take-the-chore-out-of-chore-day/","direct_page","Roborock Saros 10R","February20 2025","Promotional feature; Created by label with no creator captured; does not establish independent lab testing.","publisher_archive","","feature_or_related_review","Product heading and article body","not_established","exact","","not_recorded","Coverage existence only; detailed claims need their own ledger","","","false"
"Good Housekeeping","Roborock Qrevo Curv 2 Flow","site:goodhousekeeping.com ""Roborock Qrevo Curv 2 Flow"" review","2026-09-26","unknown_after_search","","bounded_search","","not established","No relevant exact-model coverage established in returned search results; not evidence of non-coverage.","publisher_archive","","unknown","","not_established","unknown","","not_recorded","Coverage existence only; detailed claims need their own ledger","","","false"
"Good Housekeeping","Roborock Qrevo Curv","site:goodhousekeeping.com ""Roborock Qrevo Curv"" review","2026-09-26","unknown_after_search","","bounded_search","","not established","No relevant exact-model coverage established in returned search results; not evidence of non-coverage.","publisher_archive","","unknown","","not_established","unknown","","not_recorded","Coverage existence only; detailed claims need their own ledger","","","false"
"Good Housekeeping","Roborock S8 MaxV Ultra","site:goodhousekeeping.com ""Roborock S8 MaxV Ultra"" review","2026-09-26","guide_coverage","https://www.goodhousekeeping.com/what-to-buy/a70762203/best-robot-vacuum-1773694672/","direct_page","Roborock S8 MaxV Ultra","September2026 guide","Roundup includes direct course-test summary; tested conventional unit unavailable; purchase link points to plumbed variant. Preserve dock distinction.","publisher_archive","","roundup","Best overall: trials and unit-availability paragraph","published_firsthand_test_summary","exact","Roborock S8 MaxV Ultra","not_recorded","Coverage existence only; detailed claims need their own ledger","","","false"
"Good Housekeeping","MOVA V70 Ultra Complete","site:goodhousekeeping.com ""MOVA V70 Ultra Complete"" review","2026-09-26","unknown_after_search","","bounded_search","","not established","No relevant exact-model coverage established in returned search results; not evidence of non-coverage.","publisher_archive","","unknown","","not_established","unknown","","not_recorded","Coverage existence only; detailed claims need their own ledger","","","false"
"Good Housekeeping","Dreame X60 Max Ultra Complete","site:goodhousekeeping.com ""Dreame X60 Max Ultra Complete"" review","2026-09-26","unknown_after_search","","bounded_search","","not established","No relevant exact-model coverage established in returned search results; not evidence of non-coverage.","publisher_archive","","unknown","","not_established","unknown","","not_recorded","Coverage existence only; detailed claims need their own ledger","","","false"
"Good Housekeeping","Eufy Omni E25","site:goodhousekeeping.com ""Eufy Omni E25"" review","2026-09-26","unknown_after_search","","bounded_search","","not established","No relevant exact-model coverage established in returned search results; not evidence of non-coverage.","publisher_archive","","unknown","","not_established","unknown","","not_recorded","Coverage existence only; detailed claims need their own ledger","","","false"
"Good Housekeeping","Shark PowerDetect UV Reveal","site:goodhousekeeping.com ""Shark PowerDetect UV Reveal"" review","2026-09-26","guide_coverage","https://www.goodhousekeeping.com/what-to-buy/g71433989/best-robot-mop-reviews/","direct_page","Shark PowerDetect UV Reveal","July1 2026 guide","Roundup contains firsthand lab summary and dock-leak caveat when moved; not a standalone complete review.","publisher_archive","","roundup","Shark entry: TESTING NOTES and TAKE NOTE","published_firsthand_test_summary","exact","Shark PowerDetect UV Reveal","not_recorded","Coverage existence only; detailed claims need their own ledger","","","false"
