source,product,coverage,direction,evidence_url,observed_at,access_level,model_match,tested_product,page_type,claim_locator,testing_evidence,methodology_version,coverage_scope,article_cohort,independent_test_id,noncoverage_scope,note
RTINGS,Roborock Saros 10R,substantive,not_assessed,https://www.rtings.com/robot-vacuum/reviews/roborock/saros-10r,2026-09-26,direct_page,exact,Roborock Saros 10R,review_or_comparison,Differences Between Sizes And Variants; black unit label,firsthand_review_text,v1.1,publisher_archive,,,,"Exact-model original review located; existence established, not a full claim audit."
RTINGS,Roborock Qrevo Curv 2 Flow,substantive,not_assessed,https://www.rtings.com/robot-vacuum/reviews/roborock/qrevo-curv-2-flow,2026-09-26,direct_page,exact,Roborock Qrevo Curv 2 Flow,review_or_comparison,Differences Between Sizes And Variants; white unit bought/tested; Changelog,firsthand_review_text,v1.0,publisher_archive,,,,"Exact-model original review located; existence established, not a full claim audit."
RTINGS,Roborock Qrevo Curv,substantive,not_assessed,https://www.rtings.com/robot-vacuum/reviews/roborock/qrevo-curv,2026-09-26,direct_page,exact,Roborock Qrevo Curv,review_or_comparison,Differences Between Sizes And Variants; manual water tank base tested,firsthand_review_text,v1.1,publisher_archive,,,,"Exact-model original review located; existence established, not a full claim audit."
RTINGS,Roborock S8 MaxV Ultra,substantive,not_assessed,https://www.rtings.com/robot-vacuum/reviews/roborock/s8-maxv-ultra,2026-09-26,direct_page,exact,Roborock S8 MaxV Ultra,review_or_comparison,Differences Between Sizes And Variants; black with conventional RockDock Ultra tested,firsthand_review_text,not_recorded,publisher_archive,,,,"Exact-model original review located; existence established, not a full claim audit."
RTINGS,MOVA V70 Ultra Complete,unknown,not_assessed,,2026-09-26,bounded_search,unknown,,unknown,,not_established,not_recorded,publisher_archive,,,,No relevant exact-model coverage established in returned search results; not evidence of non-coverage.
RTINGS,Dreame X60 Max Ultra Complete,substantive,not_assessed,https://www.rtings.com/robot-vacuum/reviews/dreame/x60-max-ultra-complete,2026-09-26,direct_page,exact,Dreame X60 Max Ultra Complete,review_or_comparison,Review heading; Methodology v1.0; Differences Between Sizes And Variants,firsthand_review_text,v1.0,publisher_archive,,,,Exact model review. Methodology v1.0 shown; cannot silently equate with v1.1 reviews.
RTINGS,Eufy Omni E25,related_variant,not_assessed,https://www.rtings.com/robot-vacuum/reviews/eufy/omni-e28-robot-vacuum,2026-09-26,direct_page,related_variant,Eufy Omni E28,feature_or_related_review,Differences Between Sizes And Variants,related_model_test_only,not_recorded,publisher_archive,,,,Bought/tested black E28; publisher describes E25 as same robot without dock spot cleaner. Do not count as directly tested E25.
RTINGS,Shark PowerDetect UV Reveal,unknown,not_assessed,,2026-09-26,bounded_search,unknown,,unknown,,not_established,not_recorded,publisher_archive,,,,No relevant exact-model coverage established in returned search results; not evidence of non-coverage.
Vacuum Wars,Roborock Saros 10R,substantive,not_assessed,https://vacuumwars.com/roborock-saros-10r-review/,2026-09-26,direct_page,exact,Roborock Saros 10R,review_or_comparison,Introduction; standard station purchased; evaluation and performance,firsthand_review_text,not_recorded,publisher_archive,,,,Purchased standard dock; report describes weeks of evaluations. Historical #1 headline must not overwrite current ranking.
Vacuum Wars,Roborock Qrevo Curv 2 Flow,substantive,not_assessed,https://vacuumwars.com/roborock-qrevo-curv-2-flow-review/,2026-09-26,direct_page,exact,Roborock Qrevo Curv 2 Flow,review_or_comparison,Vacuum Performance; mopping evaluation; conclusion,firsthand_review_text,not_recorded,publisher_archive,,,,Published vacuum and mop test results; adverse mopping finding conflicts with other reviews and needs matched-method audit.
Vacuum Wars,Roborock Qrevo Curv,substantive,not_assessed,https://vacuumwars.com/compare/robot-vacuums/roborock_qrevo_curv/,2026-09-26,direct_page,exact,Roborock Qrevo Curv,test_table,Vacuum Wars Tests table; embedded review,published_test_table,not_recorded,publisher_archive,,,,Model-specific test results table and embedded review; values may change.
Vacuum Wars,Roborock S8 MaxV Ultra,substantive,not_assessed,https://vacuumwars.com/new-s8-maxv-ultra-vs-s8-max-ultra-which-is-the-best-choice/,2026-09-26,direct_page,exact,Roborock S8 MaxV Ultra,review_or_comparison,Product heading and article body,firsthand_review_text,not_recorded,publisher_archive,,,,Original exact-model test review/comparison located; not full claim audit.
Vacuum Wars,MOVA V70 Ultra Complete,guide,not_assessed,https://vacuumwars.com/vacuum-wars-best-robot-vacuums/,2026-09-26,direct_page,exact,,roundup,Best Overall/Top20 entry; full-article link leads to release story,guide_asserts_testing_no_product_test_detail,not_recorded,publisher_archive,,,,Current guide names V70 highest score; linked Sept16 release story explicitly anticipates future testing. No full published model test established.
Vacuum Wars,Dreame X60 Max Ultra Complete,substantive,not_assessed,https://vacuumwars.com/dreame-x60-max-ultra-complete-review/,2026-09-26,direct_page,exact,Dreame X60 Max Ultra Complete,review_or_comparison,X60 variant paragraph; bought/tested Max Ultra Complete,firsthand_review_text,not_recorded,publisher_archive,,,,Exact Max distinguished from non-Max X60 Ultra; purchased unit explicitly identified.
Vacuum Wars,Eufy Omni E25,substantive,not_assessed,https://vacuumwars.com/eufy-e25-omni-robot-vacuum-review/,2026-09-26,direct_page,exact,Eufy Omni E25,review_or_comparison,Introduction; purchased E25 over weeks; customer feedback separately identified,firsthand_review_text,not_recorded,publisher_archive,,,,Purchased E25 test and separate customer feedback; do not count customer anecdotes as additional lab tests.
Vacuum Wars,Shark PowerDetect UV Reveal,substantive,not_assessed,https://vacuumwars.com/shark-powerdetect-uv-reveal-review/,2026-09-26,direct_page,exact,Shark PowerDetect UV Reveal,review_or_comparison,Vacuuming/mopping performance; water remaining; threshold test,firsthand_review_text,not_recorded,publisher_archive,,,,Product test results published; wet-floor caveat explicitly described.
The Hook Up,Roborock Saros 10R,substantive,not_assessed,https://www.thesmarthomehookup.com/test_install/ultimate-robot-vacuum-and-mop-comparison-2025/,2026-09-26,direct_page,exact,Roborock Saros 10R,comparison,Carpet Vacuuming Performance; product paragraph,firsthand_review_text,not_recorded,publisher_archive,2025 flagship comparison,hookup-2025-flagships,,"Saros10R directly tested in 2025 flagship comparison, not in 2026 seven-product cohort."
The Hook Up,Roborock Qrevo Curv 2 Flow,substantive,not_assessed,https://www.thesmarthomehookup.com/2026-ultimate-robot-vacuum-and-mop-comparison/,2026-09-26,direct_page,exact,Roborock Qrevo Curv 2 Flow,comparison,Carpet Vacuuming Performance; product paragraph,firsthand_review_text,not_recorded,publisher_archive,2026 seven-product comparison,hookup-2026-flagships,,Direct seven-product comparison; cohort winner is not all-market winner.
The Hook Up,Roborock Qrevo Curv,mentioned,not_assessed,https://www.thesmarthomehookup.com/test_install/robotic-vacuum-news-from-ces-2025/,2026-09-26,indexed_article_text,exact,,feature_or_related_review,Product heading and article body,not_established,not_recorded,publisher_archive,,,,Product mentioned as predecessor/lineup context; no direct test established.
The Hook Up,Roborock S8 MaxV Ultra,substantive,not_assessed,https://www.thesmarthomehookup.com/2024-ultimate-robot-vacuum-and-mop-comparison/,2026-09-26,direct_page,exact,Roborock S8 MaxV Ultra,comparison,Carpet Vacuuming Performance; product paragraph,firsthand_review_text,not_recorded,publisher_archive,2024 flagship comparison,hookup-2024-flagships,,Historical direct test. Separate autofill-dock comparison also exists; distinguish dock configurations.
The Hook Up,MOVA V70 Ultra Complete,unknown,not_assessed,,2026-09-26,bounded_search,unknown,,unknown,,not_established,not_recorded,publisher_archive,,,,No relevant exact-model coverage established in returned search results; not evidence of non-coverage.
The Hook Up,Dreame X60 Max Ultra Complete,substantive,not_assessed,https://www.thesmarthomehookup.com/2026-ultimate-robot-vacuum-and-mop-comparison/,2026-09-26,direct_page,exact,Dreame X60 Max Ultra Complete,comparison,Carpet Vacuuming Performance; product paragraph,firsthand_review_text,not_recorded,publisher_archive,2026 seven-product comparison,hookup-2026-flagships,,Direct seven-product comparison; cohort winner is not all-market winner.
The Hook Up,Eufy Omni E25,unknown,not_assessed,,2026-09-26,bounded_search,unknown,,unknown,,not_established,not_recorded,publisher_archive,,,,No relevant exact-model coverage established in returned search results; not evidence of non-coverage.
The Hook Up,Shark PowerDetect UV Reveal,unknown,not_assessed,,2026-09-26,bounded_search,unknown,,unknown,,not_established,not_recorded,publisher_archive,,,,No relevant exact-model coverage established in returned search results; not evidence of non-coverage.
TechRadar,Roborock Saros 10R,substantive,not_assessed,https://www.techradar.com/home/robot-vacuums/roborock-saros-10r-robot-vacuum-review,2026-09-26,direct_page,exact,Roborock Saros 10R,review_or_comparison,How I tested; original model review,firsthand_review_text,not_recorded,publisher_archive,,,,Resolved exact review via link225 in Saros10-versus10R comparison; initial guessed URL failed.
TechRadar,Roborock Qrevo Curv 2 Flow,unknown,not_assessed,,2026-09-26,bounded_search,unknown,,unknown,,not_established,not_recorded,publisher_archive,,,,No relevant exact-model coverage established in returned search results; not evidence of non-coverage.
TechRadar,Roborock Qrevo Curv,substantive,not_assessed,https://www.techradar.com/home/robot-vacuums/roborock-qrevo-curv-review,2026-09-26,direct_page,exact,Roborock Qrevo Curv,review_or_comparison,How I tested; original model review,firsthand_review_text,not_recorded,publisher_archive,,,,Original exact-model review located.
TechRadar,Roborock S8 MaxV Ultra,substantive,not_assessed,https://www.techradar.com/home/robot-vacuums/roborock-s8-maxv-ultra-robot-vacuum-review,2026-09-26,direct_page,exact,Roborock S8 MaxV Ultra,review_or_comparison,How I tested; original model review,firsthand_review_text,not_recorded,publisher_archive,,,,Original exact-model review located.
TechRadar,MOVA V70 Ultra Complete,unknown,not_assessed,,2026-09-26,bounded_search,unknown,,unknown,,not_established,not_recorded,publisher_archive,,,,No relevant exact-model coverage established in returned search results; not evidence of non-coverage.
TechRadar,Dreame X60 Max Ultra Complete,related_variant,not_assessed,https://www.techradar.com/home/robot-vacuums/dreame-x60-pro-ultra-review,2026-09-26,direct_page,related_variant,Dreame X60 Pro Ultra Complete,review,Price & availability: USA Max variant distinguished,related_model_test_only,not_recorded,publisher_archive,,,,Reviewed UK Pro; US Max described as different variant. Cannot transfer review verdict or numeric specs.
TechRadar,Eufy Omni E25,unknown,not_assessed,,2026-09-26,bounded_search,unknown,,unknown,,not_established,not_recorded,publisher_archive,,,,No relevant exact-model coverage established in returned search results; not evidence of non-coverage.
TechRadar,Shark PowerDetect UV Reveal,substantive,not_assessed,https://www.techradar.com/home/robot-vacuums/sharks-powerdetect-uv-reveal-has-a-lot-of-potential-but-right-now-its-the-equivalent-of-a-power-washer-in-the-hands-of-a-caveman,2026-09-26,direct_page,exact,Shark PowerDetect UV Reveal,review_or_comparison,"How I tested: two weeks, pickup/edge/mopping/UV tasks",firsthand_review_text,not_recorded,publisher_archive,,,,Direct test confirms hardware praise plus software/navigation critique; not simple positive endorsement.
Tom's Guide,Roborock Saros 10R,substantive,not_assessed,https://www.tomsguide.com/home/home-appliances/roborock-saros-10r-review,2026-09-26,direct_page,exact,Roborock Saros 10R,review_or_comparison,Performance and test results; original exact-model review,firsthand_review_text,not_recorded,publisher_archive,,,,Original exact-model hands-on review located; not a full claim audit.
Tom's Guide,Roborock Qrevo Curv 2 Flow,substantive,not_assessed,https://www.tomsguide.com/home/smart-home/roborock-qrevo-curv-2-flow-review,2026-09-26,direct_page,exact,Roborock Qrevo Curv 2 Flow,review_or_comparison,Performance and test results; original exact-model review,firsthand_review_text,not_recorded,publisher_archive,,,,Original exact-model hands-on review located; not a full claim audit.
Tom's Guide,Roborock Qrevo Curv,substantive,not_assessed,https://www.tomsguide.com/home/roborock-qrevo-curv-review,2026-09-26,direct_page,exact,Roborock Qrevo Curv,review_or_comparison,Performance and test results; original exact-model review,firsthand_review_text,not_recorded,publisher_archive,,,,Original exact-model hands-on review located; not a full claim audit.
Tom's Guide,Roborock S8 MaxV Ultra,unknown,not_assessed,,2026-09-26,bounded_search,unknown,,unknown,,not_established,not_recorded,publisher_archive,,,,No relevant exact-model coverage established in returned search results; not evidence of non-coverage.
Tom's Guide,MOVA V70 Ultra Complete,unknown,not_assessed,,2026-09-26,bounded_search,unknown,,unknown,,not_established,not_recorded,publisher_archive,,,,No relevant exact-model coverage established in returned search results; not evidence of non-coverage.
Tom's Guide,Dreame X60 Max Ultra Complete,substantive,not_assessed,https://www.tomsguide.com/home/dreame-x60-max-ultra-complete-review,2026-09-26,direct_page,exact,Dreame X60 Max Ultra Complete,review_or_comparison,Performance and test results; original exact-model review,firsthand_review_text,not_recorded,publisher_archive,,,,Original exact-model hands-on review located; not a full claim audit.
Tom's Guide,Eufy Omni E25,unknown,not_assessed,,2026-09-26,bounded_search,unknown,,unknown,,not_established,not_recorded,publisher_archive,,,,No relevant exact-model coverage established in returned search results; not evidence of non-coverage.
Tom's Guide,Shark PowerDetect UV Reveal,substantive,not_assessed,https://www.tomsguide.com/home/smart-home/shark-powerdetect-uv-reveal-robot-vacuum-review,2026-09-26,direct_page,exact,Shark PowerDetect UV Reveal,review_or_comparison,Performance and Test Results: changed Cheerios loading; floor-specific table,firsthand_review_text,not_recorded,publisher_archive,,,,Firsthand tests; Cheerios load reduced after bin overflow. Surface/mass protocols needed for comparison.
Expert Reviews,Roborock Saros 10R,unknown,not_assessed,,2026-09-26,bounded_search,unknown,,unknown,,not_established,not_recorded,publisher_archive,,,,No relevant exact-model coverage established in returned search results; not evidence of non-coverage.
Expert Reviews,Roborock Qrevo Curv 2 Flow,unknown,not_assessed,,2026-09-26,bounded_search,unknown,,unknown,,not_established,not_recorded,publisher_archive,,,,No relevant exact-model coverage established in returned search results; not evidence of non-coverage.
Expert Reviews,Roborock Qrevo Curv,unknown,not_assessed,,2026-09-26,bounded_search,unknown,,unknown,,not_established,not_recorded,publisher_archive,,,,No relevant exact-model coverage established in returned search results; not evidence of non-coverage.
Expert Reviews,Roborock S8 MaxV Ultra,unknown,not_assessed,,2026-09-26,bounded_search,unknown,,unknown,,not_established,not_recorded,publisher_archive,,,,No relevant exact-model coverage established in returned search results; not evidence of non-coverage.
Expert Reviews,MOVA V70 Ultra Complete,unknown,not_assessed,,2026-09-26,bounded_search,unknown,,unknown,,not_established,not_recorded,publisher_archive,,,,No relevant exact-model coverage established in returned search results; not evidence of non-coverage.
Expert Reviews,Dreame X60 Max Ultra Complete,unknown,not_assessed,,2026-09-26,bounded_search,unknown,,unknown,,not_established,not_recorded,publisher_archive,,,,No relevant exact-model coverage established in returned search results; not evidence of non-coverage.
Expert Reviews,Eufy Omni E25,substantive,not_assessed,https://www.expertreviews.co.uk/home-garden/vacuums-cleaning/eufy-omni-e25-review,2026-09-26,direct_page,exact,Eufy Omni E25,review_or_comparison,Performance and Verdict; home use and separate apartment demonstration,firsthand_review_text,not_recorded,publisher_archive,,,,Full E25 hands-on article accessible via buying-guide link.
Expert Reviews,Shark PowerDetect UV Reveal,substantive,not_assessed,https://www.expertreviews.co.uk/home-garden/vacuums-cleaning/shark-powerdetect-uv-reveal-review,2026-09-26,direct_page,exact,Shark PowerDetect UV Reveal,review_or_comparison,Performance; under-bed account,firsthand_review_text,not_recorded,publisher_archive,,,,Firsthand cleaning tests and domestic navigation observations; limited duration not reliability evidence.
WIRED,Roborock Saros 10R,test_reference,not_assessed,https://www.wired.com/review/roborock-saros-z70/,2026-09-26,indexed_review_text,exact,,feature_or_related_review,Product heading and article body,retrospective_testing_assertion,not_recorded,publisher_archive,,,,Author states previously tested Saros10R; not standalone Saros10R test documentation.
WIRED,Roborock Qrevo Curv 2 Flow,substantive,not_assessed,https://www.wired.com/review/roborock-qrevo-curv-2-flow/,2026-09-26,direct_page,exact,Roborock Qrevo Curv 2 Flow,review_or_comparison,Home testing with children and puppy; cleaning/obstacle paragraphs,firsthand_review_text,not_recorded,publisher_archive,,,,Exact-model original review located.
WIRED,Roborock Qrevo Curv,unknown,not_assessed,,2026-09-26,bounded_search,unknown,,unknown,,not_established,not_recorded,publisher_archive,,,,No relevant exact-model coverage established in returned search results; not evidence of non-coverage.
WIRED,Roborock S8 MaxV Ultra,unknown,not_assessed,,2026-09-26,bounded_search,unknown,,unknown,,not_established,not_recorded,publisher_archive,,,,No relevant exact-model coverage established in returned search results; not evidence of non-coverage.
WIRED,MOVA V70 Ultra Complete,unknown,not_assessed,,2026-09-26,bounded_search,unknown,,unknown,,not_established,not_recorded,publisher_archive,,,,No relevant exact-model coverage established in returned search results; not evidence of non-coverage.
WIRED,Dreame X60 Max Ultra Complete,unknown,not_assessed,,2026-09-26,bounded_search,unknown,,unknown,,not_established,not_recorded,publisher_archive,,,,No relevant exact-model coverage established in returned search results; not evidence of non-coverage.
WIRED,Eufy Omni E25,unknown,not_assessed,,2026-09-26,bounded_search,unknown,,unknown,,not_established,not_recorded,publisher_archive,,,,No relevant exact-model coverage established in returned search results; not evidence of non-coverage.
WIRED,Shark PowerDetect UV Reveal,substantive,not_assessed,https://www.wired.com/review/shark-powerdetect-uv-reveal/,2026-09-26,direct_page,exact,Shark PowerDetect UV Reveal,review_or_comparison,Home cleaning and UV-detection observations,firsthand_review_text,not_recorded,publisher_archive,,,,Exact-model original review located.
Good Housekeeping,Roborock Saros 10R,mentioned,not_assessed,https://www.goodhousekeeping.com/appliances/vacuum-cleaner-reviews/a63759357/these-robot-vacuums-are-designed-to-take-the-chore-out-of-chore-day/,2026-09-26,direct_page,exact,,feature_or_related_review,Product heading and article body,not_established,not_recorded,publisher_archive,,,,Promotional feature; Created by label with no creator captured; does not establish independent lab testing.
Good Housekeeping,Roborock Qrevo Curv 2 Flow,unknown,not_assessed,,2026-09-26,bounded_search,unknown,,unknown,,not_established,not_recorded,publisher_archive,,,,No relevant exact-model coverage established in returned search results; not evidence of non-coverage.
Good Housekeeping,Roborock Qrevo Curv,unknown,not_assessed,,2026-09-26,bounded_search,unknown,,unknown,,not_established,not_recorded,publisher_archive,,,,No relevant exact-model coverage established in returned search results; not evidence of non-coverage.
Good Housekeeping,Roborock S8 MaxV Ultra,guide,not_assessed,https://www.goodhousekeeping.com/what-to-buy/a70762203/best-robot-vacuum-1773694672/,2026-09-26,direct_page,exact,Roborock S8 MaxV Ultra,roundup,Best overall: trials and unit-availability paragraph,published_firsthand_test_summary,not_recorded,publisher_archive,,,,Roundup includes direct course-test summary; tested conventional unit unavailable; purchase link points to plumbed variant. Preserve dock distinction.
Good Housekeeping,MOVA V70 Ultra Complete,unknown,not_assessed,,2026-09-26,bounded_search,unknown,,unknown,,not_established,not_recorded,publisher_archive,,,,No relevant exact-model coverage established in returned search results; not evidence of non-coverage.
Good Housekeeping,Dreame X60 Max Ultra Complete,unknown,not_assessed,,2026-09-26,bounded_search,unknown,,unknown,,not_established,not_recorded,publisher_archive,,,,No relevant exact-model coverage established in returned search results; not evidence of non-coverage.
Good Housekeeping,Eufy Omni E25,unknown,not_assessed,,2026-09-26,bounded_search,unknown,,unknown,,not_established,not_recorded,publisher_archive,,,,No relevant exact-model coverage established in returned search results; not evidence of non-coverage.
Good Housekeeping,Shark PowerDetect UV Reveal,guide,not_assessed,https://www.goodhousekeeping.com/what-to-buy/g71433989/best-robot-mop-reviews/,2026-09-26,direct_page,exact,Shark PowerDetect UV Reveal,roundup,Shark entry: TESTING NOTES and TAKE NOTE,published_firsthand_test_summary,not_recorded,publisher_archive,,,,Roundup contains firsthand lab summary and dock-leak caveat when moved; not a standalone complete review.
